url,statut,datetime
https://www.meamedica.fr/content/css,✅ Fonctionnel,2026-02-26 00:30:07
https://www.meamedica.fr/donnez-avis,✅ Fonctionnel,2026-02-26 00:30:07
https://www.meamedica.fr/,✅ Fonctionnel,2026-02-26 00:30:08
https://www.meamedica.fr/faq,✅ Fonctionnel,2026-02-26 00:30:09
https://www.meamedica.fr/adn,✅ Fonctionnel,2026-02-26 00:30:09
https://www.meamedica.fr/sur-meamedica,✅ Fonctionnel,2026-02-26 00:30:10
https://www.meamedica.fr/enregistrement,✅ Fonctionnel,2026-02-26 00:30:11
https://www.meamedica.fr/pharmacogenetique-professionnels-sante,✅ Fonctionnel,2026-02-26 00:30:11
https://www.meamedica.fr/maladie,✅ Fonctionnel,2026-02-26 00:30:12
