url,status_code
http://www.meamedica.fr/,301
https://www.meamedica.fr/content/css,200
https://www.meamedica.fr/donnez-avis,403
https://www.meamedica.fr/,200
https://www.meamedica.fr/faq,200
https://www.meamedica.fr/adn,200
https://www.meamedica.fr/sur-meamedica,200
https://www.meamedica.fr/enregistrement,200
https://www.meamedica.fr/pharmacogenetique-professionnels-sante,200
https://www.meamedica.fr/maladie,200
https://www.meamedica.fr/oublie-mot-de-passe,403
https://www.meamedica.fr/avis-medicament,200
https://www.meamedica.fr/yeux-infection-bacterienne/azyter,200
https://www.meamedica.fr/adn/tests-genetiques,200
https://www.meamedica.fr/parasites-autre/flagyl,403
https://www.meamedica.fr/sedatifs-et-tranquillisants/euphytose,403
https://www.meamedica.fr/tension-arterielle-angiotensine-antagonistes/valsartan,403
https://www.meamedica.fr/urologie-hypertrophie-de-la-prostate/urorec,403
https://www.meamedica.fr/douleurs/antadys,403
https://www.meamedica.fr/antibiotiques-autre/metronidazole,403
https://www.meamedica.fr/douleurs-morphine/tramadol,403
https://www.meamedica.fr/antibiotiques-autre/pyostacine,200
https://www.meamedica.fr/glande-thyroide-hypothyroidie-a-action-lente/levothyrox,403
https://www.meamedica.fr/antibiotiques-quinolones/tavanic,200
https://www.meamedica.fr/tension-arterielle-combinaisons-ras/candesartan-hydrochlorothiazide,200
https://www.meamedica.fr/depression-antidepresseurs-autre/cymbalta,200
https://www.meamedica.fr/depression-antidepresseurs-autre/effexor,200
https://www.meamedica.fr/depression-antidepresseurs-irs,403
https://www.meamedica.fr/acne/dalacine,200
https://www.meamedica.fr/acne/cutacnyl,403
https://www.meamedica.fr/epilepsie/lyrica,403
https://www.meamedica.fr/glande-thyroide-hypothyroidie-a-action-lente,403
https://www.meamedica.fr/maladie/allergie,403
https://www.meamedica.fr/epilepsie,403
https://www.meamedica.fr/contraception-autre,403
https://www.meamedica.fr/maladie/depression,403
https://www.meamedica.fr/maladie/acne,403
https://www.meamedica.fr/diabetes-medicaments-oraux/metformine,200
https://www.meamedica.fr/cholesterol,403
https://www.meamedica.fr/depression-antidepresseurs-autre,403
https://www.meamedica.fr/maladie/Diabete-type-2,403
https://www.meamedica.fr/maladie/cholesterol-eleve,403
https://www.meamedica.fr/maladie/migraine,403
https://www.meamedica.fr/douleurs,403
https://www.meamedica.fr/maladie/contraception,200
https://www.meamedica.fr/maladie/Cancer-du-sein,403
https://www.meamedica.fr/douleurs-morphine,403
https://www.meamedica.fr/contraception-biphasique/adepal,200
https://www.meamedica.fr/maladie/angoisse-trouble-panique,200
https://www.meamedica.fr/muscles-squelette-osteoporose-maladies-osseuses/aclasta,200
https://www.meamedica.fr/cholesterol/simvastatine,403
https://www.meamedica.fr/cholesterol/crestor,403
https://www.meamedica.fr/plandusite,403
https://www.meamedica.fr/psychose-schizophrenie-antipsychotique,403
https://www.meamedica.fr/contact,403
https://www.meamedica.fr/liens,200
https://www.meamedica.fr/maladie/hypertension,200
https://www.meamedica.fr/disclaimer,200
https://www.meamedica.fr/Account/AddPerson,301
https://www.meamedica.fr/expert,200
https://www.meamedica.fr/acne/skinoren,403
https://www.meamedica.fr/acne/panoxyl,403
https://www.meamedica.fr/acne/eclaran,403
https://www.meamedica.fr/acne/differine,403
https://www.meamedica.fr/acne/effederm,403
https://www.meamedica.fr/acne/roaccutane,403
https://www.meamedica.fr/acne/eryacne,403
https://www.meamedica.fr/acne/procuta,403
https://www.meamedica.fr/acne/erythrogel,403
https://www.meamedica.fr/acne/ketrel,403
https://www.meamedica.fr/acne/erylik,403
https://www.meamedica.fr/acne/eryfluid/acne,403
https://www.meamedica.fr/avis-categorie,200
https://www.meamedica.fr/acne/curacne,200
https://www.meamedica.fr/adhd-psychostimulants/modiodal/insomnie,403
https://www.meamedica.fr/allergies,403
https://www.meamedica.fr/acne/erylik/acne,403
https://www.meamedica.fr/anesthetique/versatis/2,200
https://www.meamedica.fr/affection-intestinale-inflammation/entocort/colite-collagene,403
https://www.meamedica.fr/affection-intestinale-inflammation/salazopyrine/3,403
https://www.meamedica.fr/affections-vaginales-autre/nalador,403
https://www.meamedica.fr/affections-vaginales-autre/colpotrophine,403
https://www.meamedica.fr/anesthetique/diprivan,403
https://www.meamedica.fr/anesthetique/lidoca%C3%AFne-priloca%C3%AFne-cr%C3%A8me,403
https://www.meamedica.fr/anesthetique/ketalar,403
https://www.meamedica.fr/anesthetique/emla,403
https://www.meamedica.fr/anesthetique/protoxyde-d-azote,403
https://www.meamedica.fr/anesthetique/naropeine,403
https://www.meamedica.fr/Images/,403
https://www.meamedica.fr/anesthetique/versatis/douleur-nerveuse,403
https://www.meamedica.fr/anesthetique/versatis/hernie,403
https://www.meamedica.fr/acne/curacne/infection-bacterienne,403
https://www.meamedica.fr/affection-intestinale-inflammation/salazopyrine,403
https://www.meamedica.fr/affection-intestinale-diarrhee/nalcron,200
https://www.meamedica.fr/antibiotiques-aminoglycosides/isepamicine,403
https://www.meamedica.fr/antibiotiques-autre/birodogyl/6,403
https://www.meamedica.fr/antibiotiques-autre/birodogyl/5,403
https://www.meamedica.fr/affection-intestinale-constipation/colopeg,200
https://www.meamedica.fr/antibiotiques-cephalosporines/oroken,403
https://www.meamedica.fr/antibiotiques-cephalosporines/zinforo,403
https://www.meamedica.fr/antibiotiques-autre/pyostacine/sinusite,403
https://www.meamedica.fr/antibiotiques-infection-des-voies-urinaires/furadantine/3,403
https://www.meamedica.fr/antibiotiques-infection-des-voies-urinaires/furadantine/infection-urinaire,403
https://www.meamedica.fr/antibiotiques-infection-des-voies-urinaires/furadantine/infection-voies-urinaires,403
https://www.meamedica.fr/antibiotiques-infection-des-voies-urinaires/furadantine/5,403
https://www.meamedica.fr/antibiotiques-infection-des-voies-urinaires/furadantine/2,403
https://www.meamedica.fr/antibiotiques-infection-des-voies-urinaires/furadantine,403
https://www.meamedica.fr/antibiotiques-infection-des-voies-urinaires/monuril/infection-urinaire/2,403
https://www.meamedica.fr/antibiotiques-quinolones/tavanic/infection-de-l-epididyme,200
https://www.meamedica.fr/antibiotiques-quinolones/tavanic/infection-de-la-machoire,403
https://www.meamedica.fr/antibiotiques-quinolones/ciflox/4,403
https://www.meamedica.fr/antibiotiques-macrolides/erythromycine/2,403
https://www.meamedica.fr/antibiotiques-macrolides/zeclar/infection-bacterienne,403
https://www.meamedica.fr/antibiotiques-quinolones/ofloxacine/6,403
https://www.meamedica.fr/antibiotiques-penicillines-a-large-spectre/amoxicilline/allergie,403
https://www.meamedica.fr/antibiotiques-penicillines-a-large-spectre/amoxicilline/infection-de-l-estomac,403
https://www.meamedica.fr/antibiotiques-penicillines-a-large-spectre/amoxicilline/problemes-intestins-diarrhee,403
https://www.meamedica.fr/antibiotiques-penicillines-a-large-spectre/amoxicilline/bronchite,403
https://www.meamedica.fr/antibiotiques-quinolones/izilox/infection-bacterienne,403
https://www.meamedica.fr/antibiotiques-quinolones/tavanic/insomnie,200
https://www.meamedica.fr/antibiotiques-tetracyclines/doxycycline/maladie-de-Lyme-borreliose,403
https://www.meamedica.fr/antibiotiques-tetracyclines/doxycycline/infection-urinaire,403
https://www.meamedica.fr/antibiotiques-tetracyclines/doxycycline/maladie-de-lyme-borreliose,403
https://www.meamedica.fr/anesthetique/versatis/arthrose-colonne-vertebrale,200
https://www.meamedica.fr/antibiotiques-tetracyclines/doxycycline,403
https://www.meamedica.fr/antibiotiques-tetracyclines/granudoxy/acne,403
https://www.meamedica.fr/antibiotiques-autre/metronidazole/7,200
https://www.meamedica.fr/tension-arterielle-beta-bloquant/propranolol,403
https://www.meamedica.fr/tension-arterielle-beta-bloquant/bisoprolol,200
https://www.meamedica.fr/antibiotiques-penicillines-a-large-spectre/amoxicilline,403
https://www.meamedica.fr/depression-antidepresseurs-irs/sertraline,200
https://www.meamedica.fr/antibiotiques-penicillines-a-large-spectre/augmentin,200
https://www.meamedica.fr/depression-antidepresseurs-irs/paroxetine,200
https://www.meamedica.fr/depression-antidepresseurs-irs/citalopram,403
https://www.meamedica.fr/autres-medicaments,403
https://www.meamedica.fr/antibiotiques-tetracyclines/mynocine/infection-bacterienne,200
https://www.meamedica.fr/tension-arterielle-inhibiteurs-ace/ramipril,200
https://www.meamedica.fr/antidotes-empoisonnement/cardioxane,403
https://www.meamedica.fr/antidotes-empoisonnement/ethyol,403
https://www.meamedica.fr/antidotes-empoisonnement/kepivance,403
https://www.meamedica.fr/antidotes-empoisonnement/elvorine,403
https://www.meamedica.fr/asthme-copd-autre/xolair,403
https://www.meamedica.fr/bouche/fluorex,200
https://www.meamedica.fr/bouche/locabiotal,403
https://www.meamedica.fr/antibiotiques-tetracyclines/tolexine/5,403
https://www.meamedica.fr/bouche/insadol,403
https://www.meamedica.fr/corticosteroides/medrol,200
https://www.meamedica.fr/asthme-copd-combinaisons/iffeza,403
https://www.meamedica.fr/contraception-autre/mirena,403
https://www.meamedica.fr/cancer,403
https://www.meamedica.fr/asthme-copd-autre/lomudal/allergie,200
https://www.meamedica.fr/content/,403
https://www.meamedica.fr/asthme-copd-sympathomimetiques/onbrez,403
https://www.meamedica.fr/asthme-copd-sympathomimetiques/airomir,403
https://www.meamedica.fr/cancer-hormones-et-antihormones,403
https://www.meamedica.fr/cancer-hormones-et-antihormones/enantone/saignements,403
https://www.meamedica.fr/asthme-copd-autre/singulair/3,403
https://www.meamedica.fr/asthme-copd-autre/singulair/6,403
https://www.meamedica.fr/brulures-d-estomac-h2-antagoniste-des-recepteurs/raniplex,403
https://www.meamedica.fr/brulures-d-estomac-h2-antagoniste-des-recepteurs/ranitidine,403
https://www.meamedica.fr/asthme-copd-sympathomimetiques/foradil/bronchite,200
https://www.meamedica.fr/brulures-d-estomac-inhibiteurs-de-la-pompe-a-proton/lanzor,403
https://www.meamedica.fr/brulures-d-estomac-inhibiteurs-de-la-pompe-a-proton/pantoprazole,403
https://www.meamedica.fr/brulures-d-estomac-inhibiteurs-de-la-pompe-a-proton/inexium/brulure-d-estomac-acidite-gastrique,403
https://www.meamedica.fr/asthme-copd-corticosteroides/prolair,200
https://www.meamedica.fr/yeux-glaucome-tension-de-l-il/monoprost,200
https://www.meamedica.fr/brulures-d-estomac-inhibiteurs-de-la-pompe-a-proton/lanzor/acidite,200
https://www.meamedica.fr/cancer-hormones-et-antihormones/tamoxifene,403
https://www.meamedica.fr/cancer-hormones-et-antihormones/suprefact,403
https://www.meamedica.fr/cancer-hormones-et-antihormones/exemestane,403
https://www.meamedica.fr/nos-specialistes,200
https://www.meamedica.fr/autres-medicaments/metopirone,403
https://www.meamedica.fr/autres-medicaments/zavesca,200
https://www.meamedica.fr/autres-medicaments/renocis,403
https://www.meamedica.fr/cancer-autres-medicaments/tarceva/cancer-du-poumon,403
https://www.meamedica.fr/cancer-autres-medicaments/tarceva/cancer-du-pancreas,200
https://www.meamedica.fr/cholesterol/omacor,403
https://www.meamedica.fr/calculs-biliaires-et-foie/vibtil,403
https://www.meamedica.fr/cancer-autres-medicaments/torisel,403
https://www.meamedica.fr/cancer-autres-medicaments/lenvima,200
https://www.meamedica.fr/cancer/purinethol,403
https://www.meamedica.fr/cancer/opdivo,403
https://www.meamedica.fr/cancer/efudix,200
https://www.meamedica.fr/cancer/bavencio,403
https://www.meamedica.fr/cancer/paclitaxel,403
https://www.meamedica.fr/cancer/endoxan,403
https://www.meamedica.fr/cancer/cisplatine,403
https://www.meamedica.fr/cholesterol/befizal,403
https://www.meamedica.fr/cancer/xeloda,403
https://www.meamedica.fr/cancer-hormones-et-antihormones/faslodex/Cancer-du-sein,403
https://www.meamedica.fr/coeur-irrigation-sanguine-remedes-pour-le-coeur,403
https://www.meamedica.fr/cancer-hormones-et-antihormones/faslodex/cancer-du-sein,403
https://www.meamedica.fr/cholesterol/hyperlipen,403
https://www.meamedica.fr/cholesterol/ezetrol/6,403
https://www.meamedica.fr/coeur-irrigation-sanguine-remedes-pour-le-coeur/brinavess,403
https://www.meamedica.fr/cholesterol/ezetrol/4,403
https://www.meamedica.fr/cholesterol/ezetrol/3,403
https://www.meamedica.fr/cholesterol/ezetrol/2,403
https://www.meamedica.fr/cholesterol/ezetrol/cholesterol-eleve,200
https://www.meamedica.fr/cholesterol/ezetrol/5,403
https://www.meamedica.fr/cholesterol/pravastatine,403
https://www.meamedica.fr/cancer-hormones-et-antihormones/decapeptyl/cancer-de-la-prostate,403
https://www.meamedica.fr/cancer-hormones-et-antihormones/tamoxifene/acidite,403
https://www.meamedica.fr/cancer/purinethol/maladie-de-Crohn,403
https://www.meamedica.fr/cholesterol/ezetrol/7,403
https://www.meamedica.fr/cancer/purinethol/maladie-de-crohn,403
https://www.meamedica.fr/cancer-hormones-et-antihormones/decapeptyl,200
https://www.meamedica.fr/cancer-hormones-et-antihormones/orimetene,200
https://www.meamedica.fr/cancer/purinethol/colite-ulcereuse,200
https://www.meamedica.fr/contraception-autre/antigone/contraception,403
https://www.meamedica.fr/cholesterol/crestor/5,403
https://www.meamedica.fr/toxicomanie/champix,200
https://www.meamedica.fr/demence,200
https://www.meamedica.fr/coeur-irrigation-sanguine-remedes-pour-le-coeur/cordarone/2,403
https://www.meamedica.fr/coeur-irrigation-sanguine-remedes-pour-le-coeur/flecaine/7,403
https://www.meamedica.fr/coeur-irrigation-sanguine-remedes-pour-le-coeur/flecaine/6,403
https://www.meamedica.fr/coeur-irrigation-sanguine-remedes-pour-le-coeur/flecaine/3,403
https://www.meamedica.fr/coeur-irrigation-sanguine-remedes-pour-le-coeur/flecaine/fibrillation-atriale,403
https://www.meamedica.fr/coeur-irrigation-sanguine-remedes-pour-le-coeur/flecaine/5,403
https://www.meamedica.fr/coeur-irrigation-sanguine-autre/restorvol,403
https://www.meamedica.fr/coeur-irrigation-sanguine-remedes-pour-le-coeur/flecaine/trouble-rythme-cardiaque,403
https://www.meamedica.fr/contraception-autre/depo-provera,403
https://www.meamedica.fr/corticosteroides/cortancyl,403
https://www.meamedica.fr/contraception-monophasique,403
https://www.meamedica.fr/coeur-irrigation-sanguine-angine-de-poitrine/monicor,403
https://www.meamedica.fr/corticosteroides/depo-medrol,403
https://www.meamedica.fr/cholesterol/tahor/problemes-cardiaques,403
https://www.meamedica.fr/demence/hydergine,200
https://www.meamedica.fr/coeur-irrigation-sanguine-remedes-pour-le-coeur/rythmol/battements-de-coeur,403
https://www.meamedica.fr/cholesterol/caduet/tension-elevee,403
https://www.meamedica.fr/coeur-irrigation-sanguine-angine-de-poitrine/discotrine,403
https://www.meamedica.fr/contraception-autre/cerazette/contraception,403
https://www.meamedica.fr/contraception-autre/cerazette/acidite,403
https://www.meamedica.fr/contraception-autre/mirena/acne,403
https://www.meamedica.fr/contraception-autre/mirena/saignements,403
https://www.meamedica.fr/depression-antidepresseurs-autre/cymbalta/3,200
https://www.meamedica.fr/depression-antidepresseurs-autre/cymbalta/2,403
https://www.meamedica.fr/contraception-monophasique/jasmine,403
https://www.meamedica.fr/contraception-monophasique/stediril,403
https://www.meamedica.fr/contraception-monophasique/cilest,403
https://www.meamedica.fr/depression-antidepresseurs-autre/cymbalta/4,200
https://www.meamedica.fr/corticosteroides,200
https://www.meamedica.fr/depression-antidepresseurs-autre/cymbalta/problemes-psychiques,403
https://www.meamedica.fr/depression-antidepresseurs-autre/cymbalta/6,403
https://www.meamedica.fr/depression-antidepresseurs-autre/cymbalta/depression,403
https://www.meamedica.fr/contraception-monophasique/minesse/2,403
https://www.meamedica.fr/contraception-monophasique/minesse/contraception,403
https://www.meamedica.fr/depression-antidepresseurs-autre/cymbalta/depression-post-natale,403
https://www.meamedica.fr/contraception-autre/implanon/6,403
https://www.meamedica.fr/contraception-autre/evra/contraception,403
https://www.meamedica.fr/contraception-triphasique/qlaira/saignements,403
https://www.meamedica.fr/depression-antidepresseurs-autre/venlafaxine,403
https://www.meamedica.fr/corticosteroides/prednisolone/pseudo-polyarthrite-rhizomelique,403
https://www.meamedica.fr/depression-antidepresseurs-autre/athymil/depression,403
https://www.meamedica.fr/depression-antidepresseurs-autre/selsyn,403
https://www.meamedica.fr/depression-antidepresseurs-autre/cymbalta/douleur-nerveuse,403
https://www.meamedica.fr/depression-antidepresseurs-autre/cymbalta/5,403
https://www.meamedica.fr/depression-antidepresseurs-autre/cymbalta/7,403
https://www.meamedica.fr/depression-antidepresseurs-autre/norset,403
https://www.meamedica.fr/depression-antidepresseurs-autre/athymil/insomnie,200
https://www.meamedica.fr/depression-antidepresseurs-autre/athymil/3,200
https://www.meamedica.fr/corticosteroides/prednisone/maladie-de-crohn,403
https://www.meamedica.fr/depression-antidepresseurs-autre/cymbalta/angoisse-trouble-panique,200
https://www.meamedica.fr/cancer/taxotere,200
https://www.meamedica.fr/douleurs-combinaisons/klipal-codeine/arthrose,200
https://www.meamedica.fr/depression-antidepresseurs-irs/sertraline/7,200
https://www.meamedica.fr/depression-antidepresseurs-irs/sertraline/4,403
https://www.meamedica.fr/depression-antidepresseurs-irs/sertraline/2,403
https://www.meamedica.fr/depression-antidepresseurs-irs/sertraline/angoisse-trouble-panique,200
https://www.meamedica.fr/depression-antidepresseurs-irs/sertraline/troubles-d-angoisse,403
https://www.meamedica.fr/depression-antidepresseurs-autre/venlafaxine/douleur-nerveuse,403
https://www.meamedica.fr/depression-antidepresseurs-irs/zoloft,403
https://www.meamedica.fr/depression-antidepresseurs-irs/deroxat/5,403
https://www.meamedica.fr/depression-antidepresseurs-irs/deroxat/trouble-bipolaire-trouble-mani-depressif,403
https://www.meamedica.fr/depression-antidepresseurs-irs/deroxat/acidite,403
https://www.meamedica.fr/depression-antidepresseurs-irs/deroxat/angoisse-trouble-panique,403
https://www.meamedica.fr/depression-antidepresseurs-irs/deroxat/4,403
https://www.meamedica.fr/diabetes-medicaments-oraux/avandia,403
https://www.meamedica.fr/diabetes-medicaments-oraux/actos,403
https://www.meamedica.fr/depression-antidepresseurs-irs/sertraline/trouble-obsessionnel-compulsif-toc,200
https://www.meamedica.fr/diabetes-medicaments-oraux/miglucan,403
https://www.meamedica.fr/depression-antidepresseurs-irs/citalopram/troubles-d-angoisse,403
https://www.meamedica.fr/diabetes-medicaments-oraux/stagid,403
https://www.meamedica.fr/cholesterol/pravastatine/angine-de-poitrine,403
https://www.meamedica.fr/diabetes-medicaments-oraux/metformine/5,403
https://www.meamedica.fr/diabetes-medicaments-oraux/metformine/diabete-type-2,403
https://www.meamedica.fr/depression-antidepresseurs-tca/anafranil/phobie-sociale,403
https://www.meamedica.fr/douleurs-combinaisons/claradol-cafeine/migraine,403
https://www.meamedica.fr/douleurs-combinaisons/dafalgan-codeine/grippe,403
https://www.meamedica.fr/dossier/contraception,403
https://www.meamedica.fr/diabetes-medicaments-oraux/byetta/3,403
https://www.meamedica.fr/douleurs-combinaisons/actron/acne,403
https://www.meamedica.fr/diabetes-medicaments-oraux/stagid/problemes-intestins-diarrhee,403
https://www.meamedica.fr/diabetes-medicaments-oraux/victoza/2,403
https://www.meamedica.fr/douleurs-morphine/ixprim/fibromyalgie,403
https://www.meamedica.fr/douleurs-morphine/ixprim/rhumatisme,403
https://www.meamedica.fr/douleurs-morphine/durogesic/problemes-de-dos,403
https://www.meamedica.fr/douleurs-morphine/durogesic/fibromyalgie,403
https://www.meamedica.fr/douleurs-morphine/durogesic/2,403
https://www.meamedica.fr/douleurs-morphine/durogesic/cephalees,200
https://www.meamedica.fr/douleurs-morphine/contramal/fibromyalgie,403
https://www.meamedica.fr/douleurs-morphine/contramal/2,403
https://www.meamedica.fr/douleurs-morphine/oxycontin/brulures,403
https://www.meamedica.fr/douleurs-morphine/oxycontin/douleur-articulaire,403
https://www.meamedica.fr/douleurs-morphine/oxycontin/4,403
https://www.meamedica.fr/douleurs-morphine/oxycontin/hernie,403
https://www.meamedica.fr/douleurs-morphine/oxycontin/douleur-nerveuse,403
https://www.meamedica.fr/douleurs-morphine/oxycontin/arthrite-psoriatique,403
https://www.meamedica.fr/douleurs-morphine/oxycontin/inflammation-articulaire,403
https://www.meamedica.fr/douleurs-morphine/oxycontin/rhumatisme,403
https://www.meamedica.fr/douleurs-morphine/oxycontin/douleur-fantome,403
https://www.meamedica.fr/douleurs-morphine/oxycontin/polyneuropathie,403
https://www.meamedica.fr/depression-antidepresseurs-irs/lexapro/depression-chronique,403
https://www.meamedica.fr/depression-antidepresseurs-irs/lexapro/trouble-obsessionnel-compulsif-toc,403
https://www.meamedica.fr/douleurs-morphine/monocrixo,200
https://www.meamedica.fr/douleurs/doliprane/douleurs-menstruation,200
https://www.meamedica.fr/diabetes-insulines/lantus/3,403
https://www.meamedica.fr/douleurs-morphine/oxynorm,403
https://www.meamedica.fr/douleurs-morphine/monocrixo/douleur-nerveuse,403
https://www.meamedica.fr/douleurs/brufen,403
https://www.meamedica.fr/douleurs/chondrosulf,403
https://www.meamedica.fr/douleurs/nifluril,403
https://www.meamedica.fr/douleurs/paracetamol-codeine/douleur-general,200
https://www.meamedica.fr/douleurs/paracetamol-codeine/arthrose-colonne-vertebrale,403
https://www.meamedica.fr/douleurs/paracetamol-codeine/douleur-nerveuse,403
https://www.meamedica.fr/douleurs/paracetamol-codeine/2,403
https://www.meamedica.fr/douleurs/paracetamol-codeine/arthrose,403
https://www.meamedica.fr/depression-antidepresseurs-tca/laroxyl/mal-de-tete-du-au-stress,403
https://www.meamedica.fr/douleurs/paracetamol-codeine/3,403
https://www.meamedica.fr/depression-antidepresseurs-autre/effexor/troubles-d-angoisse,403
https://www.meamedica.fr/depression-antidepresseurs-autre/effexor/douleur-nerveuse,403
https://www.meamedica.fr/depression-antidepresseurs-autre/effexor/angoisse-trouble-panique,403
https://www.meamedica.fr/depression-antidepresseurs-autre/effexor/trouble-stress-post-traumatique,403
https://www.meamedica.fr/depression-antidepresseurs-irs/sertraline/fibromyalgie,200
https://www.meamedica.fr/douleurs/paracetamol-codeine/mal-aux-dents,200
https://www.meamedica.fr/douleurs/advil/arthrose,403
https://www.meamedica.fr/douleurs/advil/fibromyalgie,403
https://www.meamedica.fr/douleurs-morphine/zaldiar/7,403
https://www.meamedica.fr/douleurs-morphine/zaldiar/maladie-de-crohn,403
https://www.meamedica.fr/douleurs-morphine/zaldiar/6,403
https://www.meamedica.fr/douleurs-morphine/zaldiar/maladie-de-Crohn,403
https://www.meamedica.fr/douleurs/paracetamol-codeine/mal-de-tete,403
https://www.meamedica.fr/douleurs-morphine/zamudol/douleur-nerveuse,403
https://www.meamedica.fr/douleurs-morphine/zamudol/fibromyalgie,403
https://www.meamedica.fr/douleurs-morphine/tramadol/5,403
https://www.meamedica.fr/douleurs/artotec/douleur-musculaire,403
https://www.meamedica.fr/douleurs/paracetamol-codeine/problemes-de-dos,403
https://www.meamedica.fr/douleurs/arcoxia/cephalee,403
https://www.meamedica.fr/douleurs/arcoxia/douleur-general,403
https://www.meamedica.fr/douleurs/biprofenid/arthrose,403
https://www.meamedica.fr/douleurs/diclofenac/rhumatisme,403
https://www.meamedica.fr/douleurs/diclofenac/hernie,403
https://www.meamedica.fr/douleurs/voltarene,403
https://www.meamedica.fr/douleurs/diclofenac/douleur-general,403
https://www.meamedica.fr/douleurs/pridax,200
https://www.meamedica.fr/epilepsie/aparoxal,403
https://www.meamedica.fr/douleurs/celebrex/fibromyalgie,403
https://www.meamedica.fr/douleurs/ibuprofene/hernie,403
https://www.meamedica.fr/epilepsie/lamictal,403
https://www.meamedica.fr/douleurs/antadys/douleur-general,200
https://www.meamedica.fr/estomac-autre/meteospasmyl/acidite,403
https://www.meamedica.fr/epilepsie/depamide/epilepsie,200
https://www.meamedica.fr/glande-thyroide-hyperthyroidie-a-action-rapide,403
https://www.meamedica.fr/glande-thyroide-hypothyroidie-a-action-lente/l-thyroxin-henning/5,403
https://www.meamedica.fr/glande-thyroide-hyperthyroidie-a-action-rapide/thyrozol,403
https://www.meamedica.fr/glande-thyroide-hyperthyroidie-a-action-rapide/proracyl,403
https://www.meamedica.fr/glande-thyroide-hyperthyroidie-a-action-rapide/basdene,403
https://www.meamedica.fr/glande-thyroide-hyperthyroidie-a-action-rapide/neo-mercazole,403
https://www.meamedica.fr/epilepsie/lyrica/angoisse-trouble-panique,200
https://www.meamedica.fr/epilepsie/lyrica/cancer-de-la-prostate,403
https://www.meamedica.fr/homeopathie-phytotherapie,403
https://www.meamedica.fr/epilepsie/lyrica/cephalees,403
https://www.meamedica.fr/epilepsie/rivotril/douleur-nerveuse,403
https://www.meamedica.fr/hiv-sida/fortovase,403
https://www.meamedica.fr/hiv-sida/zerit,403
https://www.meamedica.fr/epilepsie/keppra/4,403
https://www.meamedica.fr/epilepsie/tegretol/douleur-nerveuse,403
https://www.meamedica.fr/epilepsie/pregabaline/fibromyalgie,403
https://www.meamedica.fr/epilepsie/keppra/6,403
https://www.meamedica.fr/hiv-sida/hivid,403
https://www.meamedica.fr/hiv-sida/intelence,403
https://www.meamedica.fr/epilepsie/pregabaline/douleur-nerveuse,403
https://www.meamedica.fr/depression-antidepresseurs-irs/sertraline/depression-chronique,200
https://www.meamedica.fr/glande-thyroide-hyperthyroidie-a-action-rapide/thyrozol/glande-thyroide-hyperactive,403
https://www.meamedica.fr/glande-thyroide-hyperthyroidie-a-action-rapide/basdene/hyperthyroidie,403
https://www.meamedica.fr/glande-thyroide-hyperthyroidie-a-action-rapide/neo-mercazole/glande-thyroide-lente,403
https://www.meamedica.fr/glande-thyroide-hyperthyroidie-a-action-rapide/neo-mercazole/thyroide,403
https://www.meamedica.fr/glande-thyroide-hyperthyroidie-a-action-rapide/neo-mercazole/Thyroide,403
https://www.meamedica.fr/glande-thyroide-hypothyroidie-a-action-lente/cynomel/thyroide,403
https://www.meamedica.fr/glande-thyroide-hypothyroidie-a-action-lente/cynomel/glande-thyroide-hyperactive,403
https://www.meamedica.fr/hormones-antihormones,403
https://www.meamedica.fr/hemorroides-et-fissures-vasculaires/troxerutine/mal-de-tete,403
https://www.meamedica.fr/glande-thyroide-hypothyroidie-a-action-lente/tcaps/2,403
https://www.meamedica.fr/glande-thyroide-hyperthyroidie-a-action-rapide/neo-mercazole/glande-thyroide-hyperactive/2,403
https://www.meamedica.fr/hormones-progestagenes,403
https://www.meamedica.fr/hormones-oestrogenes,403
https://www.meamedica.fr/homeopathie-phytotherapie/aconitum-compose,403
https://www.meamedica.fr/homeopathie-phytotherapie/pilosuryl,403
https://www.meamedica.fr/homeopathie-phytotherapie/acidum-phosphoricum-comp,200
https://www.meamedica.fr/homeopathie-phytotherapie/climaxol,403
https://www.meamedica.fr/homeopathie-phytotherapie/chophytol,403
https://www.meamedica.fr/hemorroides-et-fissures-vasculaires/daflon/douleur-nerveuse,200
https://www.meamedica.fr/hormones-oestrogenes/gydrelle,403
https://www.meamedica.fr/hormones-oestrogenes/oromone,403
https://www.meamedica.fr/hormones-oestrogenes/oesclim,403
https://www.meamedica.fr/hormones-oestrogenes/estraderm,403
https://www.meamedica.fr/lepre,403
https://www.meamedica.fr/maladie/%C5%93sophage-de-barrett,403
https://www.meamedica.fr/hormones-antihormones/androcur/6,403
https://www.meamedica.fr/maladie/ablation-de-la-thyro%C3%AFde,403
https://www.meamedica.fr/infection-fongique-peau,403
https://www.meamedica.fr/hormones-antihormones/androcur/cancer-de-la-prostate,403
https://www.meamedica.fr/hormones-antihormones/clomid/fibromyalgie,403
https://www.meamedica.fr/maladie/extraction-dentaire,403
https://www.meamedica.fr/hormones-combinaisons/climaston/retour-d-age,403
https://www.meamedica.fr/maladie/asthme,403
https://www.meamedica.fr/maladie/battements-de-coeur,403
https://www.meamedica.fr/maladie/brulure-d-estomac-acidite-gastrique,403
https://www.meamedica.fr/maladie/glande-thyroide-hyperactive,403
https://www.meamedica.fr/hormones-progestagenes/colprone/contraception,403
https://www.meamedica.fr/maladie/problemes-cardiaques,403
https://www.meamedica.fr/maladie/inflammation-articulaire,403
https://www.meamedica.fr/maladie/infection-urinaire,403
https://www.meamedica.fr/maladie/hernie,403
https://www.meamedica.fr/infection-fongique-systemique/cancidas,403
https://www.meamedica.fr/maladie/problemes-de-dos,403
https://www.meamedica.fr/infection-fongique-systemique/grisefuline,403
https://www.meamedica.fr/maladie/mal-de-tete-du-au-stress,403
https://www.meamedica.fr/maladie/sinusite,403
https://www.meamedica.fr/infection-fongique-peau/pevaryl/mycose-pied,403
https://www.meamedica.fr/infection-fongique-peau/pevaryl/mycose-de-la-peau,403
https://www.meamedica.fr/maladie/tendinite-jambe,403
https://www.meamedica.fr/maladie/psychose,403
https://www.meamedica.fr/infections-virales/sebivo,403
https://www.meamedica.fr/infection-fongique-vaginale/gyno-daktarin/4,403
https://www.meamedica.fr/infection-fongique-peau/ketoderm,403
https://www.meamedica.fr/maladie/trouble-rythme-cardiaque,403
https://www.meamedica.fr/maladie/thrombose,403
https://www.meamedica.fr/hormones-androgenes/nebido,403
https://www.meamedica.fr/hormones-androgenes/testopatch,403
https://www.meamedica.fr/estomac-autre/sucralfate,200
https://www.meamedica.fr/maladie/rhumatisme,403
https://www.meamedica.fr/hormones-autre/ovitrelle,200
https://www.meamedica.fr/maladie/trouble-obsessionnel-compulsif-toc,403
https://www.meamedica.fr/hormones-progestagenes/duphaston/endometriose,403
https://www.meamedica.fr/maladie/fibromyalgie,200
https://www.meamedica.fr/hormones-autre/menopur,200
https://www.meamedica.fr/muscles-squelette-myorelaxant,403
https://www.meamedica.fr/muscles-squelette-myorelaxant/baclofene/crampes-jambes,403
https://www.meamedica.fr/muscles-squelette-myorelaxant/baclofene/2,403
https://www.meamedica.fr/muscles-squelette-myorelaxant/baclofene/douleur-general,403
https://www.meamedica.fr/muscles-squelette-myorelaxant/baclofene/4,403
https://www.meamedica.fr/muscles-squelette-myorelaxant/baclofene/douleur-musculaire,403
https://www.meamedica.fr/muscles-squelette-myorelaxant/baclofene/5,403
https://www.meamedica.fr/muscles-squelette-myorelaxant/baclofene/6,403
https://www.meamedica.fr/muscles-squelette-myorelaxant/baclofene/alcoolisme,403
https://www.meamedica.fr/muscles-squelette-myorelaxant/baclofene/angoisse-trouble-panique,403
https://www.meamedica.fr/muscles-squelette-myorelaxant/baclofene/troubles-d-angoisse,403
https://www.meamedica.fr/migraine/sumatriptan/cephalee,403
https://www.meamedica.fr/migraine/sumatriptan/5,403
https://www.meamedica.fr/migraine/nocertone/2,403
https://www.meamedica.fr/migraine/sanmigran/4,403
https://www.meamedica.fr/migraine/sumatriptan/mal-de-tete-du-au-stress,403
https://www.meamedica.fr/migraine/sanmigran/mal-de-tete,403
https://www.meamedica.fr/muscles-squelette-myorelaxant/baclofene/3,403
https://www.meamedica.fr/migraine/migpriv,403
https://www.meamedica.fr/migraine/sanmigran,403
https://www.meamedica.fr/mineraux/perical,403
https://www.meamedica.fr/mineraux/efimag,403
https://www.meamedica.fr/maladie/diabete-type-3,200
https://www.meamedica.fr/muscles-squelette-myorelaxant/miorel/inflammation-articulaire,403
https://www.meamedica.fr/muscles-squelette-myorelaxant/baclofene,403
https://www.meamedica.fr/muscles-squelette-myorelaxant/lumirelax,403
https://www.meamedica.fr/muscles-squelette-myorelaxant/lioresal,403
https://www.meamedica.fr/migraine/zolmitriptan/allergie-acariens,403
https://www.meamedica.fr/douleurs-morphine/tramadol/arthrose-colonne-vertebrale,200
https://www.meamedica.fr/nez,403
https://www.meamedica.fr/nouveau-medicament,403
https://www.meamedica.fr/parasites-autre/secnol,403
https://www.meamedica.fr/parkinson,403
https://www.meamedica.fr/nez/avamys,403
https://www.meamedica.fr/nez/lomusol,403
https://www.meamedica.fr/mineraux/cacit/osteoporose,403
https://www.meamedica.fr/parkinson/sifrol/6,403
https://www.meamedica.fr/parkinson/sifrol/3,403
https://www.meamedica.fr/muscles-squelette-osteoporose-maladies-osseuses/aclasta/2,403
https://www.meamedica.fr/parkinson/sifrol/5,403
https://www.meamedica.fr/parkinson/sifrol/4,403
https://www.meamedica.fr/peau-antibiotiques/fucidine/impetigo,200
https://www.meamedica.fr/nez/nasonex/rhume-des-foins,403
https://www.meamedica.fr/nez/flixonase/allergie-acariens,403
https://www.meamedica.fr/muscles-squelette-myorelaxant/tetrazepam/hernie,403
https://www.meamedica.fr/muscles-squelette-myorelaxant/myolastan/arthrose,403
https://www.meamedica.fr/parkinson/sifrol/fibromyalgie,403
https://www.meamedica.fr/parkinson/sifrol/2,403
https://www.meamedica.fr/nez/rhinureflex,200
https://www.meamedica.fr/peau-antibiotiques/flammazine,403
https://www.meamedica.fr/migraine/sumatriptan/mal-de-tete,200
https://www.meamedica.fr/muscles-squelette-myorelaxant/lumirelax/3,403
https://www.meamedica.fr/muscles-squelette-myorelaxant/lumirelax/2,403
https://www.meamedica.fr/paludisme/clioquinol,403
https://www.meamedica.fr/paludisme/lariam,403
https://www.meamedica.fr/paludisme/malarone,403
https://www.meamedica.fr/sang-coagulation-autre/polyionique,200
https://www.meamedica.fr/parkinson/sifrol,403
https://www.meamedica.fr/parkinson/adartrel,403
https://www.meamedica.fr/parkinson/modopar,403
https://www.meamedica.fr/peau-antibiotiques/sicazine,403
https://www.meamedica.fr/robots.txt,403
https://www.meamedica.fr/peau-combinaisons,403
https://www.meamedica.fr/sang-coagulation-autre/glucidion,403
https://www.meamedica.fr/sang-coagulation-autre/clinimix,403
https://www.meamedica.fr/sang-coagulation-autre/isofundine,403
https://www.meamedica.fr/sang-coagulation-hemorragie,403
https://www.meamedica.fr/sang-coagulation-autre/structokabiven,403
https://www.meamedica.fr/peau-antibiotiques/mupiderm/acne,403
https://www.meamedica.fr/peau-corticosteroides/locoid/eczema,403
https://www.meamedica.fr/rhumatisme/art-50,403
https://www.meamedica.fr/peau-corticosteroides/diprolene,403
https://www.meamedica.fr/peau-corticosteroides/synalar,403
https://www.meamedica.fr/psychose-schizophrenie-antipsychotique/fluanxol/psychose,403
https://www.meamedica.fr/psychose-schizophrenie-antipsychotique/risperdal/douleur-musculaire,403
https://www.meamedica.fr/psychose-schizophrenie-antipsychotique/lithium/cephalee,403
https://www.meamedica.fr/psychose-schizophrenie-antipsychotique/sycrest,403
https://www.meamedica.fr/psychose-schizophrenie-antipsychotique/neuleptil,200
https://www.meamedica.fr/sang-coagulation-hemorragie/kaskadil,403
https://www.meamedica.fr/sang-coagulation-hemorragie/octaplex,403
https://www.meamedica.fr/sang-coagulation-hemorragie/octanine,200
https://www.meamedica.fr/psychose-schizophrenie-antipsychotique/quetiapine/inquietude,403
https://www.meamedica.fr/sang-coagulation-anemie/fumafer,403
https://www.meamedica.fr/sang-coagulation-anemie/fercayl,403
https://www.meamedica.fr/sang-coagulation-anemie/abseamed,403
https://www.meamedica.fr/parasites-autre/flagyl/5,403
https://www.meamedica.fr/sang-coagulation-thrombose-caillot-de-sang/brilique/anti-conception,403
https://www.meamedica.fr/psychose-schizophrenie-antipsychotique/invega/trouble-bipolaire-trouble-mani-depressif,403
https://www.meamedica.fr/sang-coagulation-thrombose-caillot-de-sang/eliquis/2,403
https://www.meamedica.fr/sang-coagulation-thrombose-caillot-de-sang/eliquis/5,403
https://www.meamedica.fr/sang-coagulation-thrombose-caillot-de-sang/eliquis/thrombose,403
https://www.meamedica.fr/sang-coagulation-thrombose-caillot-de-sang/revasc,403
https://www.meamedica.fr/sang-coagulation-thrombose-caillot-de-sang/eliquis/4,403
https://www.meamedica.fr/sang-coagulation-thrombose-caillot-de-sang/eliquis/fibrillation-atriale,403
https://www.meamedica.fr/sang-coagulation-thrombose-caillot-de-sang/eliquis/7,403
https://www.meamedica.fr/sang-coagulation-thrombose-caillot-de-sang/heparine,403
https://www.meamedica.fr/sang-coagulation-thrombose-caillot-de-sang/clivarine,200
https://www.meamedica.fr/parkinson/sinemet,200
https://www.meamedica.fr/sedatifs-et-tranquillisants/imovane,403
https://www.meamedica.fr/systeme-immunitaire-immunostimulants/sargramostim,200
https://www.meamedica.fr/sang-coagulation-thrombose-caillot-de-sang/persantine/mal-aux-dents,403
https://www.meamedica.fr/sedatifs-et-tranquillisants/noctran,200
https://www.meamedica.fr/tension-arterielle-angiotensine-antagonistes,403
https://www.meamedica.fr/tension-arterielle-beta-bloquant,403
https://www.meamedica.fr/systeme-immunitaire-immunosuppression/avastin,403
https://www.meamedica.fr/systeme-immunitaire-immunosuppression/erbitux,403
https://www.meamedica.fr/paludisme/malarone/problemes-intestins-diarrhee,403
https://www.meamedica.fr/systeme-immunitaire-immunosuppression/xeljanz,403
https://www.meamedica.fr/systeme-immunitaire-immunosuppression/otezla,403
https://www.meamedica.fr/sang-coagulation-thrombose-caillot-de-sang/xarelto/embolie-pulmonaire,403
https://www.meamedica.fr/sang-coagulation-thrombose-caillot-de-sang/xarelto/2,403
https://www.meamedica.fr/tension-arterielle-beta-bloquant/avlocardyl/tension-elevee,200
https://www.meamedica.fr/systeme-immunitaire-immunosuppression/methotrexate/arthrite-psoriatique,403
https://www.meamedica.fr/systeme-immunitaire-immunosuppression/methotrexate/7,403
https://www.meamedica.fr/systeme-immunitaire-immunosuppression/benepali,200
https://www.meamedica.fr/systeme-immunitaire-immunosuppression/metoject/spondylarthrite-ankylosante,403
https://www.meamedica.fr/systeme-immunitaire-immunosuppression/enbrel/3,403
https://www.meamedica.fr/tension-arterielle-anti-adrenergique/zoxan,200
https://www.meamedica.fr/tension-arterielle-anti-adrenergique/mediatensyl,403
https://www.meamedica.fr/systeme-immunitaire-vaccins/revaxis,403
https://www.meamedica.fr/systeme-immunitaire-vaccins/neisvac,403
https://www.meamedica.fr/systeme-immunitaire-vaccins/gardasil-9,403
https://www.meamedica.fr/systeme-immunitaire-vaccins/repevax,200
https://www.meamedica.fr/systeme-immunitaire-vaccins/ror-vax,403
https://www.meamedica.fr/peau-autre/dupixent,403
https://www.meamedica.fr/peau-autre/dexeryl,403
https://www.meamedica.fr/toxicomanie/nalorex,200
https://www.meamedica.fr/toxicomanie/selincro,200
https://www.meamedica.fr/tension-arterielle-beta-bloquant/acebutolol/2,403
https://www.meamedica.fr/tension-arterielle-calcium-antagoniste/felodipine,403
https://www.meamedica.fr/tension-arterielle-calcium-antagoniste/lercan,403
https://www.meamedica.fr/tension-arterielle-calcium-antagoniste/loxen,403
https://www.meamedica.fr/toux-rhume/bronkirex,403
https://www.meamedica.fr/toxicomanie/esperal,403
https://www.meamedica.fr/systeme-immunitaire-serum-et-immunoglobulines/endobuline,403
https://www.meamedica.fr/toux-rhume/acetylcysteine,403
https://www.meamedica.fr/toxicomanie/methadone,403
https://www.meamedica.fr/toxicomanie/champix/7,403
https://www.meamedica.fr/toux-rhume/helicidine,403
https://www.meamedica.fr/toux-rhume/pholcodine,403
https://www.meamedica.fr/toxicomanie/niquitin,403
https://www.meamedica.fr/tension-arterielle-beta-bloquant/bisoprolol/problemes-cardiaques,403
https://www.meamedica.fr/tension-arterielle-beta-bloquant/bisoprolol/defaillances-cardiaques,403
https://www.meamedica.fr/sedatifs-et-tranquillisants/loramet/insomnie,200
https://www.meamedica.fr/tension-arterielle-angiotensine-antagonistes/aprovel/tension-elevee,403
https://www.meamedica.fr/toxicomanie/revia,403
https://www.meamedica.fr/tension-arterielle-beta-bloquant/propranolol/7,403
https://www.meamedica.fr/toxicomanie/nicotinell,403
https://www.meamedica.fr/toxicomanie/nicorette,403
https://www.meamedica.fr/migraine/sumatriptan/migraine,200
https://www.meamedica.fr/tension-arterielle-diuretiques/aldactone/crise-cardiaque,403
https://www.meamedica.fr/toxicomanie/subutex,403
https://www.meamedica.fr/tension-arterielle-diuretiques/inspra,403
https://www.meamedica.fr/tension-arterielle-diuretiques/furosemide,403
https://www.meamedica.fr/tension-arterielle-diuretiques/soludactone,403
https://www.meamedica.fr/tension-arterielle-inhibiteurs-ace/ramipril/cholesterol,403
https://www.meamedica.fr/tension-arterielle-beta-bloquant/atenolol/2,403
https://www.meamedica.fr/toxicomanie/champix/arreter-de-fumer,200
https://www.meamedica.fr/yeux-allergie,403
https://www.meamedica.fr/toux-rhume/dextromethorphane/toux,403
https://www.meamedica.fr/yeux-allergie/multicrom,403
https://www.meamedica.fr/troubles-d-angoisse/stresam,403
https://www.meamedica.fr/yeux-allergie/epinastine,403
https://www.meamedica.fr/yeux-allergie/purivist,403
https://www.meamedica.fr/yeux-allergie/allergodil-les-yeux,403
https://www.meamedica.fr/toxicomanie/subutex/insomnie,403
https://www.meamedica.fr/toxicomanie/nalorex/toxicomanie,403
https://www.meamedica.fr/yeux-allergie/almide,403
https://www.meamedica.fr/sedatifs-et-tranquillisants/zopiclone/insomnie,200
https://www.meamedica.fr/yeux-allergie/naabak,403
https://www.meamedica.fr/tuberculose/dexambutol,403
https://www.meamedica.fr/yeux-glaucome-tension-de-l-il/travatan,403
https://www.meamedica.fr/vomissements-et-nausees/vogalene,403
https://www.meamedica.fr/vomissements-et-nausees/zophren,403
https://www.meamedica.fr/vitamines/nutrof,403
https://www.meamedica.fr/yeux-allergie/tilavist/rhume-des-foins,403
https://www.meamedica.fr/urologie-troubles-de-l-erection/revatio,403
https://www.meamedica.fr/vertiges-mal-de-transport/gabacet,403
https://www.meamedica.fr/vomissements-et-nausees/primperan/nausee-mal-au-coeur,403
https://www.meamedica.fr/yeux-infection-bacterienne/ciloxan,403
https://www.meamedica.fr/yeux-glaucome-tension-de-l-il/azopt/glaucome,403
https://www.meamedica.fr/yeux-combinaisons/frakidex,403
https://www.meamedica.fr/urologie-hypertrophie-de-la-prostate/permixon/3,403
https://www.meamedica.fr/tension-arterielle-calcium-antagoniste/verapamil/hypertension-pendant-grossesse,200
https://www.meamedica.fr/yeux-infection-bacterienne/monosept,403
https://www.meamedica.fr/yeux-infection-bacterienne/chibro-cadron,403
https://www.meamedica.fr/urologie-hypertrophie-de-la-prostate/omix/hypertrophie-de-la-prostate,403
https://www.meamedica.fr/yeux-glaucome-tension-de-l-il/travatan/glaucome,200
https://www.meamedica.fr/yeux-infection-bacterienne,403
https://www.meamedica.fr/urologie-hypertrophie-de-la-prostate/hytrine/hypertrophie-de-la-prostate,200
https://www.meamedica.fr/hypophyse-hypothalamus/maxomat,200
https://www.meamedica.fr/hypophyse-hypothalamus/orgalutran,403
https://www.meamedica.fr/hypophyse-hypothalamus/genotonorm,403
https://www.meamedica.fr/hypophyse-hypothalamus/synacthene,403
https://www.meamedica.fr/urologie-incontinence/vesicare/problemes-intestins-constipation,403
https://www.meamedica.fr/yeux-secheresse/artelac,403
https://www.meamedica.fr/yeux-secheresse/lacrinorm,403
https://www.meamedica.fr/yeux-infection-bacterienne/azyter/4,403
https://www.meamedica.fr/hormones-antihormones/norprolac,200
https://www.meamedica.fr/vomissements-et-nausees/anausin-metoclopramide/nausee-mal-au-coeur,403
https://www.meamedica.fr/yeux-glaucome-tension-de-l-il/betoptic/glaucome,200
https://www.meamedica.fr/yeux-glaucome-tension-de-l-il/monoprost/glaucome,403
https://www.meamedica.fr/yeux-glaucome-tension-de-l-il/monoprost/4,403
https://www.meamedica.fr/yeux-glaucome-tension-de-l-il/xalatan/2,403
https://www.meamedica.fr/yeux-glaucome-tension-de-l-il/xalatan/glaucome,403
